design_id,category,price_band,cost_price,selling_price,launch_date
1,kids,180-240,143,178.75,2022-01-01
2,women,320-480,291,363.75,2022-01-01
3,kids,180-240,157,196.25,2022-01-01
4,kids,240-320,226,282.5,2022-01-01
5,kids,240-320,215,268.75,2022-01-01
6,women,320-480,264,330.0,2022-01-01
7,kids,180-240,151,188.75,2022-01-01
8,kids,180-240,169,211.25,2022-01-01
9,kids,240-320,211,263.75,2022-01-01
10,kids,240-320,231,288.75,2022-01-01
11,women,320-480,288,360.0,2022-01-01
12,women,320-480,335,418.75,2022-01-01
13,women,320-480,363,453.75,2022-01-01
14,kids,240-320,237,296.25,2022-01-01
15,kids,240-320,229,286.25,2022-01-01
16,women,320-480,303,378.75,2022-01-01
17,women,320-480,279,348.75,2022-01-01
18,kids,240-320,237,296.25,2022-01-01
19,women,320-480,273,341.25,2022-01-01
20,kids,180-240,188,235.0,2022-01-01
21,kids,180-240,185,231.25,2022-01-01
22,women,320-480,337,421.25,2022-01-01
23,women,320-480,363,453.75,2022-01-01
24,kids,240-320,233,291.25,2022-01-01
25,women,320-480,328,410.0,2022-01-01
26,kids,320-480,258,322.5,2022-01-01
27,women,320-480,270,337.5,2022-01-01
28,women,320-480,366,457.5,2022-01-01
29,women,320-480,333,416.25,2022-01-01
30,kids,240-320,230,287.5,2022-01-01
31,kids,180-240,145,181.25,2022-01-01
32,kids,240-320,238,297.5,2022-01-01
33,women,320-480,270,337.5,2022-01-01
34,kids,240-320,250,312.5,2022-01-01
35,kids,180-240,188,235.0,2022-01-01
36,women,320-480,318,397.5,2022-01-01
37,women,320-480,280,350.0,2022-01-01
38,women,320-480,305,381.25,2022-01-01
39,kids,240-320,225,281.25,2022-01-01
40,women,320-480,349,436.25,2022-01-01
41,kids,240-320,217,271.25,2022-01-01
42,kids,240-320,208,260.0,2022-01-01
43,kids,180-240,160,200.0,2022-01-01
44,women,320-480,308,385.0,2022-01-01
45,women,320-480,378,472.5,2022-01-01
46,kids,240-320,227,283.75,2022-01-01
47,women,320-480,367,458.75,2022-01-01
48,kids,180-240,169,211.25,2022-01-01
49,kids,240-320,243,303.75,2022-01-01
50,women,320-480,311,388.75,2022-01-01
51,women,320-480,268,335.0,2022-02-01
52,kids,240-320,256,320.0,2022-02-01
53,women,320-480,287,358.75,2022-02-01
54,women,320-480,310,387.5,2022-02-01
55,women,320-480,278,347.5,2022-02-01
56,women,320-480,277,346.25,2022-02-01
57,kids,240-320,235,293.75,2022-02-01
58,women,320-480,355,443.75,2022-02-01
59,women,320-480,374,467.5,2022-02-01
60,women,320-480,306,382.5,2022-02-01
61,kids,180-240,157,196.25,2022-02-01
62,women,320-480,271,338.75,2022-02-01
63,kids,240-320,250,312.5,2022-02-01
64,kids,180-240,159,198.75,2022-02-01
65,kids,240-320,241,301.25,2022-02-01
66,women,320-480,336,420.0,2022-02-01
67,kids,180-240,189,236.25,2022-02-01
68,women,320-480,336,420.0,2022-02-01
69,women,320-480,327,408.75,2022-02-01
70,women,320-480,330,412.5,2022-02-01
71,kids,240-320,227,283.75,2022-02-01
72,kids,240-320,227,283.75,2022-02-01
73,women,320-480,358,447.5,2022-02-01
74,women,320-480,274,342.5,2022-02-01
75,women,320-480,315,393.75,2022-02-01
76,kids,240-320,198,247.5,2022-02-01
77,kids,240-320,232,290.0,2022-02-01
78,women,320-480,324,405.0,2022-02-01
79,kids,240-320,204,255.0,2022-02-01
80,kids,240-320,251,313.75,2022-02-01
81,women,320-480,367,458.75,2022-02-01
82,kids,180-240,159,198.75,2022-02-01
83,women,320-480,357,446.25,2022-02-01
84,kids,240-320,209,261.25,2022-02-01
85,kids,240-320,216,270.0,2022-02-01
86,women,320-480,322,402.5,2022-02-01
87,kids,180-240,154,192.5,2022-02-01
88,women,320-480,372,465.0,2022-02-01
89,women,320-480,290,362.5,2022-02-01
90,kids,180-240,170,212.5,2022-02-01
91,kids,180-240,150,187.5,2022-02-01
92,women,320-480,364,455.0,2022-02-01
93,kids,240-320,237,296.25,2022-02-01
94,kids,180-240,156,195.0,2022-02-01
95,women,320-480,330,412.5,2022-02-01
96,kids,180-240,173,216.25,2022-02-01
97,women,320-480,287,358.75,2022-02-01
98,kids,240-320,231,288.75,2022-02-01
99,women,320-480,311,388.75,2022-02-01
100,women,320-480,316,395.0,2022-02-01
101,women,320-480,275,343.75,2022-03-01
102,kids,180-240,168,210.0,2022-03-01
103,kids,180-240,183,228.75,2022-03-01
104,kids,240-320,215,268.75,2022-03-01
105,kids,240-320,215,268.75,2022-03-01
106,kids,180-240,140,175.0,2022-03-01
107,kids,240-320,230,287.5,2022-03-01
108,kids,180-240,169,211.25,2022-03-01
109,kids,240-320,255,318.75,2022-03-01
110,kids,240-320,250,312.5,2022-03-01
111,women,320-480,269,336.25,2022-03-01
112,kids,180-240,175,218.75,2022-03-01
113,women,320-480,287,358.75,2022-03-01
114,kids,240-320,232,290.0,2022-03-01
115,women,320-480,291,363.75,2022-03-01
116,women,320-480,363,453.75,2022-03-01
117,women,320-480,284,355.0,2022-03-01
118,kids,180-240,152,190.0,2022-03-01
119,women,320-480,305,381.25,2022-03-01
120,women,320-480,312,390.0,2022-03-01
121,women,320-480,370,462.5,2022-03-01
122,kids,240-320,226,282.5,2022-03-01
123,kids,180-240,147,183.75,2022-03-01
124,women,320-480,353,441.25,2022-03-01
125,women,320-480,362,452.5,2022-03-01
126,kids,180-240,171,213.75,2022-03-01
127,kids,180-240,164,205.0,2022-03-01
128,women,320-480,277,346.25,2022-03-01
129,women,320-480,283,353.75,2022-03-01
130,women,320-480,319,398.75,2022-03-01
131,kids,240-320,251,313.75,2022-03-01
132,kids,240-320,196,245.0,2022-03-01
133,kids,180-240,146,182.5,2022-03-01
134,kids,180-240,151,188.75,2022-03-01
135,kids,180-240,161,201.25,2022-03-01
136,women,320-480,322,402.5,2022-03-01
137,women,320-480,287,358.75,2022-03-01
138,women,320-480,375,468.75,2022-03-01
139,kids,180-240,161,201.25,2022-03-01
140,women,320-480,260,325.0,2022-03-01
141,women,320-480,293,366.25,2022-03-01
142,women,320-480,296,370.0,2022-03-01
143,women,320-480,349,436.25,2022-03-01
144,women,320-480,279,348.75,2022-03-01
145,kids,180-240,177,221.25,2022-03-01
146,kids,180-240,147,183.75,2022-03-01
147,kids,240-320,235,293.75,2022-03-01
148,women,320-480,267,333.75,2022-03-01
149,kids,240-320,214,267.5,2022-03-01
150,women,320-480,324,405.0,2022-03-01
151,kids,180-240,147,183.75,2022-04-01
152,kids,240-320,248,310.0,2022-04-01
153,kids,180-240,148,185.0,2022-04-01
154,kids,240-320,226,282.5,2022-04-01
155,kids,180-240,191,238.75,2022-04-01
156,kids,320-480,260,325.0,2022-04-01
157,kids,240-320,214,267.5,2022-04-01
158,kids,240-320,219,273.75,2022-04-01
159,kids,240-320,193,241.25,2022-04-01
160,women,320-480,379,473.75,2022-04-01
161,women,320-480,286,357.5,2022-04-01
162,women,320-480,290,362.5,2022-04-01
163,women,320-480,310,387.5,2022-04-01
164,kids,240-320,225,281.25,2022-04-01
165,women,320-480,318,397.5,2022-04-01
166,women,320-480,378,472.5,2022-04-01
167,kids,180-240,141,176.25,2022-04-01
168,women,320-480,339,423.75,2022-04-01
169,kids,180-240,149,186.25,2022-04-01
170,kids,240-320,204,255.0,2022-04-01
171,women,320-480,276,345.0,2022-04-01
172,women,320-480,372,465.0,2022-04-01
173,kids,240-320,252,315.0,2022-04-01
174,kids,180-240,187,233.75,2022-04-01
175,women,320-480,280,350.0,2022-04-01
176,women,320-480,366,457.5,2022-04-01
177,women,320-480,338,422.5,2022-04-01
178,kids,240-320,225,281.25,2022-04-01
179,women,320-480,379,473.75,2022-04-01
180,kids,320-480,260,325.0,2022-04-01
181,kids,180-240,173,216.25,2022-04-01
182,kids,240-320,253,316.25,2022-04-01
183,kids,240-320,235,293.75,2022-04-01
184,kids,180-240,174,217.5,2022-04-01
185,women,320-480,337,421.25,2022-04-01
186,kids,240-320,231,288.75,2022-04-01
187,women,320-480,286,357.5,2022-04-01
188,women,320-480,324,405.0,2022-04-01
189,women,320-480,292,365.0,2022-04-01
190,kids,180-240,151,188.75,2022-04-01
191,women,320-480,366,457.5,2022-04-01
192,women,320-480,265,331.25,2022-04-01
193,kids,180-240,182,227.5,2022-04-01
194,kids,240-320,221,276.25,2022-04-01
195,women,320-480,280,350.0,2022-04-01
196,women,320-480,330,412.5,2022-04-01
197,women,320-480,331,413.75,2022-04-01
198,kids,180-240,154,192.5,2022-04-01
199,kids,320-480,260,325.0,2022-04-01
200,kids,240-320,209,261.25,2022-04-01
201,kids,240-320,246,307.5,2022-05-01
202,women,320-480,334,417.5,2022-05-01
203,kids,240-320,195,243.75,2022-05-01
204,kids,180-240,145,181.25,2022-05-01
205,women,320-480,306,382.5,2022-05-01
206,kids,240-320,255,318.75,2022-05-01
207,women,320-480,286,357.5,2022-05-01
208,kids,240-320,225,281.25,2022-05-01
209,kids,180-240,185,231.25,2022-05-01
210,women,320-480,339,423.75,2022-05-01
211,kids,320-480,258,322.5,2022-05-01
212,kids,240-320,250,312.5,2022-05-01
213,kids,240-320,242,302.5,2022-05-01
214,kids,240-320,252,315.0,2022-05-01
215,women,320-480,263,328.75,2022-05-01
216,kids,240-320,234,292.5,2022-05-01
217,women,320-480,360,450.0,2022-05-01
218,women,320-480,362,452.5,2022-05-01
219,kids,180-240,174,217.5,2022-05-01
220,kids,240-320,240,300.0,2022-05-01
221,kids,180-240,188,235.0,2022-05-01
222,kids,240-320,249,311.25,2022-05-01
223,women,320-480,288,360.0,2022-05-01
224,kids,240-320,244,305.0,2022-05-01
225,women,320-480,304,380.0,2022-05-01
226,women,320-480,365,456.25,2022-05-01
227,kids,180-240,168,210.0,2022-05-01
228,kids,240-320,224,280.0,2022-05-01
229,kids,180-240,191,238.75,2022-05-01
230,women,320-480,295,368.75,2022-05-01
231,kids,240-320,238,297.5,2022-05-01
232,women,320-480,304,380.0,2022-05-01
233,women,320-480,346,432.5,2022-05-01
234,women,320-480,380,475.0,2022-05-01
235,kids,180-240,154,192.5,2022-05-01
236,women,320-480,282,352.5,2022-05-01
237,women,320-480,264,330.0,2022-05-01
238,kids,240-320,216,270.0,2022-05-01
239,women,320-480,304,380.0,2022-05-01
240,women,320-480,315,393.75,2022-05-01
241,kids,180-240,189,236.25,2022-05-01
242,kids,180-240,172,215.0,2022-05-01
243,kids,240-320,230,287.5,2022-05-01
244,women,320-480,260,325.0,2022-05-01
245,kids,180-240,186,232.5,2022-05-01
246,women,320-480,268,335.0,2022-05-01
247,women,320-480,339,423.75,2022-05-01
248,women,320-480,344,430.0,2022-05-01
249,kids,240-320,232,290.0,2022-05-01
250,women,320-480,324,405.0,2022-05-01
251,women,320-480,345,431.25,2022-06-01
252,women,320-480,301,376.25,2022-06-01
253,women,320-480,349,436.25,2022-06-01
254,women,320-480,330,412.5,2022-06-01
255,kids,180-240,164,205.0,2022-06-01
256,women,320-480,345,431.25,2022-06-01
257,women,320-480,346,432.5,2022-06-01
258,kids,240-320,218,272.5,2022-06-01
259,women,320-480,311,388.75,2022-06-01
260,kids,180-240,178,222.5,2022-06-01
261,women,320-480,286,357.5,2022-06-01
262,women,320-480,360,450.0,2022-06-01
263,women,320-480,319,398.75,2022-06-01
264,women,320-480,316,395.0,2022-06-01
265,kids,240-320,205,256.25,2022-06-01
266,women,320-480,361,451.25,2022-06-01
267,kids,240-320,224,280.0,2022-06-01
268,kids,180-240,176,220.0,2022-06-01
269,women,320-480,271,338.75,2022-06-01
270,kids,240-320,226,282.5,2022-06-01
271,women,320-480,288,360.0,2022-06-01
272,kids,180-240,158,197.5,2022-06-01
273,kids,180-240,145,181.25,2022-06-01
274,kids,240-320,200,250.0,2022-06-01
275,kids,240-320,198,247.5,2022-06-01
276,women,320-480,373,466.25,2022-06-01
277,kids,240-320,231,288.75,2022-06-01
278,women,320-480,323,403.75,2022-06-01
279,women,320-480,291,363.75,2022-06-01
280,kids,240-320,223,278.75,2022-06-01
281,kids,240-320,254,317.5,2022-06-01
282,kids,240-320,239,298.75,2022-06-01
283,women,320-480,288,360.0,2022-06-01
284,kids,240-320,242,302.5,2022-06-01
285,women,320-480,266,332.5,2022-06-01
286,kids,320-480,257,321.25,2022-06-01
287,kids,240-320,198,247.5,2022-06-01
288,kids,240-320,242,302.5,2022-06-01
289,women,320-480,345,431.25,2022-06-01
290,women,320-480,356,445.0,2022-06-01
291,women,320-480,338,422.5,2022-06-01
292,women,320-480,366,457.5,2022-06-01
293,women,320-480,374,467.5,2022-06-01
294,kids,240-320,235,293.75,2022-06-01
295,women,320-480,317,396.25,2022-06-01
296,women,320-480,356,445.0,2022-06-01
297,kids,240-320,247,308.75,2022-06-01
298,women,320-480,358,447.5,2022-06-01
299,women,320-480,340,425.0,2022-06-01
300,kids,180-240,175,218.75,2022-06-01
301,women,320-480,269,336.25,2022-07-01
302,women,320-480,290,362.5,2022-07-01
303,women,320-480,302,377.5,2022-07-01
304,women,320-480,374,467.5,2022-07-01
305,kids,180-240,157,196.25,2022-07-01
306,kids,180-240,169,211.25,2022-07-01
307,women,320-480,348,435.0,2022-07-01
308,kids,240-320,230,287.5,2022-07-01
309,kids,180-240,148,185.0,2022-07-01
310,women,320-480,312,390.0,2022-07-01
311,women,320-480,329,411.25,2022-07-01
312,women,320-480,313,391.25,2022-07-01
313,kids,180-240,166,207.5,2022-07-01
314,women,320-480,309,386.25,2022-07-01
315,kids,240-320,249,311.25,2022-07-01
316,women,320-480,321,401.25,2022-07-01
317,kids,320-480,260,325.0,2022-07-01
318,women,320-480,298,372.5,2022-07-01
319,women,320-480,369,461.25,2022-07-01
320,women,320-480,328,410.0,2022-07-01
321,kids,240-320,202,252.5,2022-07-01
322,kids,180-240,174,217.5,2022-07-01
323,women,320-480,322,402.5,2022-07-01
324,kids,180-240,189,236.25,2022-07-01
325,women,320-480,345,431.25,2022-07-01
326,women,320-480,352,440.0,2022-07-01
327,kids,240-320,247,308.75,2022-07-01
328,women,320-480,377,471.25,2022-07-01
329,kids,240-320,219,273.75,2022-07-01
330,kids,240-320,256,320.0,2022-07-01
331,women,320-480,335,418.75,2022-07-01
332,kids,180-240,150,187.5,2022-07-01
333,women,320-480,277,346.25,2022-07-01
334,women,320-480,283,353.75,2022-07-01
335,kids,180-240,173,216.25,2022-07-01
336,women,320-480,301,376.25,2022-07-01
337,kids,240-320,198,247.5,2022-07-01
338,women,320-480,303,378.75,2022-07-01
339,women,320-480,295,368.75,2022-07-01
340,women,320-480,292,365.0,2022-07-01
341,kids,240-320,200,250.0,2022-07-01
342,kids,240-320,235,293.75,2022-07-01
343,kids,180-240,184,230.0,2022-07-01
344,kids,240-320,223,278.75,2022-07-01
345,kids,240-320,239,298.75,2022-07-01
346,kids,240-320,236,295.0,2022-07-01
347,kids,180-240,171,213.75,2022-07-01
348,kids,240-320,247,308.75,2022-07-01
349,kids,240-320,219,273.75,2022-07-01
350,kids,180-240,170,212.5,2022-07-01
351,kids,240-320,200,250.0,2022-08-01
352,kids,240-320,212,265.0,2022-08-01
353,kids,240-320,199,248.75,2022-08-01
354,women,320-480,358,447.5,2022-08-01
355,women,320-480,281,351.25,2022-08-01
356,kids,240-320,239,298.75,2022-08-01
357,kids,180-240,179,223.75,2022-08-01
358,kids,240-320,214,267.5,2022-08-01
359,kids,320-480,258,322.5,2022-08-01
360,women,320-480,333,416.25,2022-08-01
361,women,320-480,310,387.5,2022-08-01
362,kids,180-240,149,186.25,2022-08-01
363,kids,180-240,153,191.25,2022-08-01
364,women,320-480,368,460.0,2022-08-01
365,kids,240-320,241,301.25,2022-08-01
366,kids,180-240,184,230.0,2022-08-01
367,women,320-480,344,430.0,2022-08-01
368,women,320-480,268,335.0,2022-08-01
369,women,320-480,261,326.25,2022-08-01
370,women,320-480,365,456.25,2022-08-01
371,women,320-480,273,341.25,2022-08-01
372,women,320-480,306,382.5,2022-08-01
373,women,320-480,350,437.5,2022-08-01
374,kids,240-320,195,243.75,2022-08-01
375,kids,240-320,233,291.25,2022-08-01
376,women,320-480,338,422.5,2022-08-01
377,women,320-480,319,398.75,2022-08-01
378,women,320-480,365,456.25,2022-08-01
379,women,320-480,301,376.25,2022-08-01
380,kids,240-320,246,307.5,2022-08-01
381,kids,180-240,175,218.75,2022-08-01
382,women,320-480,291,363.75,2022-08-01
383,women,320-480,332,415.0,2022-08-01
384,women,320-480,303,378.75,2022-08-01
385,kids,240-320,203,253.75,2022-08-01
386,women,320-480,283,353.75,2022-08-01
387,women,320-480,287,358.75,2022-08-01
388,women,320-480,362,452.5,2022-08-01
389,women,320-480,303,378.75,2022-08-01
390,women,320-480,372,465.0,2022-08-01
391,women,320-480,331,413.75,2022-08-01
392,kids,240-320,206,257.5,2022-08-01
393,kids,180-240,150,187.5,2022-08-01
394,kids,240-320,232,290.0,2022-08-01
395,women,320-480,322,402.5,2022-08-01
396,kids,240-320,228,285.0,2022-08-01
397,women,320-480,342,427.5,2022-08-01
398,women,320-480,317,396.25,2022-08-01
399,kids,180-240,151,188.75,2022-08-01
400,women,320-480,288,360.0,2022-08-01
401,women,320-480,348,435.0,2022-09-01
402,kids,180-240,179,223.75,2022-09-01
403,women,320-480,320,400.0,2022-09-01
404,women,320-480,314,392.5,2022-09-01
405,women,320-480,305,381.25,2022-09-01
406,women,320-480,294,367.5,2022-09-01
407,women,320-480,292,365.0,2022-09-01
408,kids,180-240,155,193.75,2022-09-01
409,kids,180-240,180,225.0,2022-09-01
410,kids,240-320,235,293.75,2022-09-01
411,kids,180-240,164,205.0,2022-09-01
412,kids,240-320,234,292.5,2022-09-01
413,women,320-480,295,368.75,2022-09-01
414,women,320-480,272,340.0,2022-09-01
415,kids,180-240,177,221.25,2022-09-01
416,kids,180-240,186,232.5,2022-09-01
417,kids,180-240,178,222.5,2022-09-01
418,kids,240-320,230,287.5,2022-09-01
419,kids,180-240,175,218.75,2022-09-01
420,kids,180-240,146,182.5,2022-09-01
421,women,320-480,349,436.25,2022-09-01
422,kids,240-320,221,276.25,2022-09-01
423,women,320-480,273,341.25,2022-09-01
424,kids,240-320,213,266.25,2022-09-01
425,women,320-480,320,400.0,2022-09-01
426,women,320-480,316,395.0,2022-09-01
427,women,320-480,283,353.75,2022-09-01
428,kids,180-240,172,215.0,2022-09-01
429,women,320-480,274,342.5,2022-09-01
430,kids,180-240,191,238.75,2022-09-01
431,women,320-480,269,336.25,2022-09-01
432,kids,180-240,159,198.75,2022-09-01
433,kids,240-320,243,303.75,2022-09-01
434,women,320-480,270,337.5,2022-09-01
435,kids,180-240,155,193.75,2022-09-01
436,women,320-480,337,421.25,2022-09-01
437,kids,240-320,239,298.75,2022-09-01
438,women,320-480,317,396.25,2022-09-01
439,women,320-480,298,372.5,2022-09-01
440,women,320-480,299,373.75,2022-09-01
441,kids,240-320,218,272.5,2022-09-01
442,kids,240-320,237,296.25,2022-09-01
443,kids,240-320,220,275.0,2022-09-01
444,kids,180-240,173,216.25,2022-09-01
445,kids,180-240,160,200.0,2022-09-01
446,kids,180-240,162,202.5,2022-09-01
447,kids,180-240,160,200.0,2022-09-01
448,kids,180-240,192,240.0,2022-09-01
449,women,320-480,348,435.0,2022-09-01
450,women,320-480,297,371.25,2022-09-01
451,kids,180-240,169,211.25,2022-10-01
452,women,320-480,350,437.5,2022-10-01
453,women,320-480,349,436.25,2022-10-01
454,women,320-480,269,336.25,2022-10-01
455,kids,320-480,258,322.5,2022-10-01
456,women,320-480,360,450.0,2022-10-01
457,kids,240-320,194,242.5,2022-10-01
458,kids,240-320,209,261.25,2022-10-01
459,kids,240-320,222,277.5,2022-10-01
460,kids,240-320,256,320.0,2022-10-01
461,women,320-480,365,456.25,2022-10-01
462,kids,180-240,149,186.25,2022-10-01
463,kids,180-240,161,201.25,2022-10-01
464,women,320-480,336,420.0,2022-10-01
465,women,320-480,316,395.0,2022-10-01
466,kids,240-320,199,248.75,2022-10-01
467,women,320-480,349,436.25,2022-10-01
468,women,320-480,380,475.0,2022-10-01
469,women,320-480,324,405.0,2022-10-01
470,women,320-480,316,395.0,2022-10-01
471,kids,240-320,216,270.0,2022-10-01
472,kids,240-320,253,316.25,2022-10-01
473,women,320-480,354,442.5,2022-10-01
474,women,320-480,337,421.25,2022-10-01
475,women,320-480,263,328.75,2022-10-01
476,kids,180-240,169,211.25,2022-10-01
477,kids,240-320,237,296.25,2022-10-01
478,women,320-480,333,416.25,2022-10-01
479,kids,240-320,237,296.25,2022-10-01
480,kids,240-320,200,250.0,2022-10-01
481,women,320-480,377,471.25,2022-10-01
482,women,320-480,283,353.75,2022-10-01
483,women,320-480,341,426.25,2022-10-01
484,women,320-480,271,338.75,2022-10-01
485,women,320-480,304,380.0,2022-10-01
486,women,320-480,302,377.5,2022-10-01
487,women,320-480,345,431.25,2022-10-01
488,kids,240-320,249,311.25,2022-10-01
489,kids,180-240,182,227.5,2022-10-01
490,women,320-480,348,435.0,2022-10-01
491,women,320-480,296,370.0,2022-10-01
492,women,320-480,364,455.0,2022-10-01
493,kids,240-320,198,247.5,2022-10-01
494,kids,180-240,180,225.0,2022-10-01
495,women,320-480,301,376.25,2022-10-01
496,kids,240-320,238,297.5,2022-10-01
497,women,320-480,370,462.5,2022-10-01
498,kids,240-320,224,280.0,2022-10-01
499,women,320-480,312,390.0,2022-10-01
500,kids,180-240,164,205.0,2022-10-01
501,women,320-480,339,423.75,2022-11-01
502,women,320-480,340,425.0,2022-11-01
503,women,320-480,357,446.25,2022-11-01
504,kids,180-240,166,207.5,2022-11-01
505,women,320-480,330,412.5,2022-11-01
506,kids,320-480,258,322.5,2022-11-01
507,women,320-480,316,395.0,2022-11-01
508,women,320-480,275,343.75,2022-11-01
509,kids,240-320,220,275.0,2022-11-01
510,kids,240-320,230,287.5,2022-11-01
511,kids,180-240,179,223.75,2022-11-01
512,kids,240-320,210,262.5,2022-11-01
513,women,320-480,271,338.75,2022-11-01
514,kids,240-320,247,308.75,2022-11-01
515,kids,240-320,199,248.75,2022-11-01
516,kids,240-320,222,277.5,2022-11-01
517,kids,240-320,203,253.75,2022-11-01
518,women,320-480,325,406.25,2022-11-01
519,women,320-480,313,391.25,2022-11-01
520,women,320-480,320,400.0,2022-11-01
521,kids,240-320,198,247.5,2022-11-01
522,kids,180-240,189,236.25,2022-11-01
523,kids,320-480,257,321.25,2022-11-01
524,kids,240-320,250,312.5,2022-11-01
525,kids,180-240,175,218.75,2022-11-01
526,women,320-480,303,378.75,2022-11-01
527,women,320-480,365,456.25,2022-11-01
528,kids,180-240,176,220.0,2022-11-01
529,women,320-480,367,458.75,2022-11-01
530,women,320-480,370,462.5,2022-11-01
531,kids,240-320,197,246.25,2022-11-01
532,women,320-480,304,380.0,2022-11-01
533,women,320-480,330,412.5,2022-11-01
534,women,320-480,318,397.5,2022-11-01
535,women,320-480,371,463.75,2022-11-01
536,kids,240-320,229,286.25,2022-11-01
537,kids,240-320,213,266.25,2022-11-01
538,women,320-480,289,361.25,2022-11-01
539,women,320-480,265,331.25,2022-11-01
540,women,320-480,355,443.75,2022-11-01
541,women,320-480,350,437.5,2022-11-01
542,women,320-480,309,386.25,2022-11-01
543,kids,240-320,203,253.75,2022-11-01
544,kids,180-240,156,195.0,2022-11-01
545,women,320-480,371,463.75,2022-11-01
546,kids,240-320,251,313.75,2022-11-01
547,women,320-480,272,340.0,2022-11-01
548,women,320-480,261,326.25,2022-11-01
549,kids,180-240,192,240.0,2022-11-01
550,kids,180-240,149,186.25,2022-11-01
551,women,320-480,360,450.0,2022-12-01
552,women,320-480,303,378.75,2022-12-01
553,women,320-480,343,428.75,2022-12-01
554,kids,240-320,249,311.25,2022-12-01
555,women,320-480,369,461.25,2022-12-01
556,women,320-480,300,375.0,2022-12-01
557,women,320-480,371,463.75,2022-12-01
558,kids,240-320,219,273.75,2022-12-01
559,kids,180-240,170,212.5,2022-12-01
560,women,320-480,289,361.25,2022-12-01
561,kids,240-320,195,243.75,2022-12-01
562,kids,240-320,237,296.25,2022-12-01
563,kids,240-320,196,245.0,2022-12-01
564,kids,240-320,228,285.0,2022-12-01
565,women,320-480,375,468.75,2022-12-01
566,kids,180-240,145,181.25,2022-12-01
567,women,320-480,361,451.25,2022-12-01
568,kids,180-240,177,221.25,2022-12-01
569,women,320-480,307,383.75,2022-12-01
570,women,320-480,278,347.5,2022-12-01
571,kids,240-320,207,258.75,2022-12-01
572,women,320-480,332,415.0,2022-12-01
573,kids,180-240,161,201.25,2022-12-01
574,kids,180-240,150,187.5,2022-12-01
575,women,320-480,339,423.75,2022-12-01
576,kids,240-320,203,253.75,2022-12-01
577,kids,180-240,169,211.25,2022-12-01
578,women,320-480,341,426.25,2022-12-01
579,women,320-480,318,397.5,2022-12-01
580,women,320-480,345,431.25,2022-12-01
581,kids,240-320,255,318.75,2022-12-01
582,women,320-480,375,468.75,2022-12-01
583,women,320-480,346,432.5,2022-12-01
584,kids,180-240,149,186.25,2022-12-01
585,women,320-480,380,475.0,2022-12-01
586,women,320-480,335,418.75,2022-12-01
587,women,320-480,341,426.25,2022-12-01
588,women,320-480,348,435.0,2022-12-01
589,women,320-480,318,397.5,2022-12-01
590,women,320-480,285,356.25,2022-12-01
591,women,320-480,369,461.25,2022-12-01
592,women,320-480,273,341.25,2022-12-01
593,kids,180-240,188,235.0,2022-12-01
594,women,320-480,333,416.25,2022-12-01
595,women,320-480,349,436.25,2022-12-01
596,women,320-480,262,327.5,2022-12-01
597,women,320-480,295,368.75,2022-12-01
598,kids,240-320,212,265.0,2022-12-01
599,kids,240-320,256,320.0,2022-12-01
600,women,320-480,366,457.5,2022-12-01
601,women,320-480,359,448.75,2023-01-01
602,kids,240-320,217,271.25,2023-01-01
603,women,320-480,288,360.0,2023-01-01
604,kids,240-320,219,273.75,2023-01-01
605,women,320-480,346,432.5,2023-01-01
606,kids,240-320,220,275.0,2023-01-01
607,kids,240-320,255,318.75,2023-01-01
608,kids,180-240,179,223.75,2023-01-01
609,women,320-480,264,330.0,2023-01-01
610,women,320-480,353,441.25,2023-01-01
611,kids,180-240,151,188.75,2023-01-01
612,women,320-480,301,376.25,2023-01-01
613,women,320-480,282,352.5,2023-01-01
614,kids,180-240,156,195.0,2023-01-01
615,women,320-480,327,408.75,2023-01-01
616,women,320-480,366,457.5,2023-01-01
617,kids,180-240,172,215.0,2023-01-01
618,women,320-480,363,453.75,2023-01-01
619,women,320-480,355,443.75,2023-01-01
620,women,320-480,362,452.5,2023-01-01
621,kids,240-320,199,248.75,2023-01-01
622,kids,180-240,158,197.5,2023-01-01
623,kids,240-320,250,312.5,2023-01-01
624,women,320-480,368,460.0,2023-01-01
625,women,320-480,271,338.75,2023-01-01
626,women,320-480,261,326.25,2023-01-01
627,women,320-480,328,410.0,2023-01-01
628,kids,240-320,198,247.5,2023-01-01
629,women,320-480,346,432.5,2023-01-01
630,women,320-480,334,417.5,2023-01-01
631,women,320-480,365,456.25,2023-01-01
632,women,320-480,273,341.25,2023-01-01
633,kids,240-320,200,250.0,2023-01-01
634,kids,240-320,219,273.75,2023-01-01
635,women,320-480,377,471.25,2023-01-01
636,kids,240-320,222,277.5,2023-01-01
637,kids,240-320,221,276.25,2023-01-01
638,women,320-480,376,470.0,2023-01-01
639,women,320-480,343,428.75,2023-01-01
640,women,320-480,274,342.5,2023-01-01
641,kids,180-240,145,181.25,2023-01-01
642,kids,180-240,178,222.5,2023-01-01
643,women,320-480,274,342.5,2023-01-01
644,kids,180-240,170,212.5,2023-01-01
645,kids,180-240,189,236.25,2023-01-01
646,women,320-480,307,383.75,2023-01-01
647,women,320-480,335,418.75,2023-01-01
648,kids,240-320,253,316.25,2023-01-01
649,women,320-480,343,428.75,2023-01-01
650,kids,240-320,246,307.5,2023-01-01
651,women,320-480,338,422.5,2023-02-01
652,women,320-480,380,475.0,2023-02-01
653,women,320-480,264,330.0,2023-02-01
654,women,320-480,287,358.75,2023-02-01
655,women,320-480,316,395.0,2023-02-01
656,kids,240-320,249,311.25,2023-02-01
657,women,320-480,272,340.0,2023-02-01
658,women,320-480,329,411.25,2023-02-01
659,women,320-480,267,333.75,2023-02-01
660,women,320-480,295,368.75,2023-02-01
661,kids,180-240,155,193.75,2023-02-01
662,women,320-480,271,338.75,2023-02-01
663,kids,240-320,222,277.5,2023-02-01
664,kids,180-240,146,182.5,2023-02-01
665,women,320-480,291,363.75,2023-02-01
666,kids,240-320,240,300.0,2023-02-01
667,kids,180-240,148,185.0,2023-02-01
668,kids,240-320,215,268.75,2023-02-01
669,kids,240-320,244,305.0,2023-02-01
670,kids,180-240,182,227.5,2023-02-01
671,kids,240-320,240,300.0,2023-02-01
672,kids,180-240,175,218.75,2023-02-01
673,kids,180-240,156,195.0,2023-02-01
674,women,320-480,362,452.5,2023-02-01
675,kids,180-240,154,192.5,2023-02-01
676,kids,180-240,156,195.0,2023-02-01
677,kids,180-240,185,231.25,2023-02-01
678,kids,240-320,215,268.75,2023-02-01
679,women,320-480,262,327.5,2023-02-01
680,kids,180-240,173,216.25,2023-02-01
681,kids,180-240,156,195.0,2023-02-01
682,women,320-480,327,408.75,2023-02-01
683,kids,240-320,235,293.75,2023-02-01
684,kids,240-320,200,250.0,2023-02-01
685,women,320-480,359,448.75,2023-02-01
686,women,320-480,325,406.25,2023-02-01
687,kids,240-320,197,246.25,2023-02-01
688,kids,240-320,218,272.5,2023-02-01
689,kids,240-320,233,291.25,2023-02-01
690,women,320-480,318,397.5,2023-02-01
691,kids,180-240,147,183.75,2023-02-01
692,women,320-480,368,460.0,2023-02-01
693,women,320-480,314,392.5,2023-02-01
694,kids,240-320,202,252.5,2023-02-01
695,women,320-480,269,336.25,2023-02-01
696,kids,180-240,181,226.25,2023-02-01
697,kids,180-240,148,185.0,2023-02-01
698,kids,180-240,175,218.75,2023-02-01
699,women,320-480,308,385.0,2023-02-01
700,women,320-480,318,397.5,2023-02-01
701,women,320-480,272,340.0,2023-03-01
702,kids,240-320,249,311.25,2023-03-01
703,kids,240-320,195,243.75,2023-03-01
704,women,320-480,373,466.25,2023-03-01
705,kids,180-240,192,240.0,2023-03-01
706,women,320-480,365,456.25,2023-03-01
707,women,320-480,311,388.75,2023-03-01
708,women,320-480,353,441.25,2023-03-01
709,kids,180-240,180,225.0,2023-03-01
710,women,320-480,300,375.0,2023-03-01
711,women,320-480,307,383.75,2023-03-01
712,kids,240-320,227,283.75,2023-03-01
713,women,320-480,268,335.0,2023-03-01
714,kids,240-320,246,307.5,2023-03-01
715,kids,180-240,151,188.75,2023-03-01
716,women,320-480,272,340.0,2023-03-01
717,women,320-480,363,453.75,2023-03-01
718,kids,240-320,211,263.75,2023-03-01
719,kids,240-320,215,268.75,2023-03-01
720,women,320-480,345,431.25,2023-03-01
721,kids,180-240,192,240.0,2023-03-01
722,women,320-480,371,463.75,2023-03-01
723,women,320-480,371,463.75,2023-03-01
724,kids,180-240,176,220.0,2023-03-01
725,women,320-480,305,381.25,2023-03-01
726,kids,240-320,213,266.25,2023-03-01
727,kids,180-240,159,198.75,2023-03-01
728,women,320-480,288,360.0,2023-03-01
729,kids,180-240,184,230.0,2023-03-01
730,women,320-480,274,342.5,2023-03-01
731,women,320-480,333,416.25,2023-03-01
732,kids,240-320,243,303.75,2023-03-01
733,women,320-480,368,460.0,2023-03-01
734,kids,240-320,217,271.25,2023-03-01
735,women,320-480,263,328.75,2023-03-01
736,kids,180-240,174,217.5,2023-03-01
737,women,320-480,377,471.25,2023-03-01
738,women,320-480,304,380.0,2023-03-01
739,kids,180-240,163,203.75,2023-03-01
740,kids,240-320,212,265.0,2023-03-01
741,women,320-480,268,335.0,2023-03-01
742,kids,240-320,234,292.5,2023-03-01
743,kids,180-240,151,188.75,2023-03-01
744,kids,180-240,188,235.0,2023-03-01
745,women,320-480,318,397.5,2023-03-01
746,women,320-480,280,350.0,2023-03-01
747,women,320-480,299,373.75,2023-03-01
748,women,320-480,359,448.75,2023-03-01
749,kids,240-320,253,316.25,2023-03-01
750,kids,180-240,159,198.75,2023-03-01
751,kids,240-320,236,295.0,2023-04-01
752,kids,240-320,226,282.5,2023-04-01
753,kids,180-240,174,217.5,2023-04-01
754,women,320-480,344,430.0,2023-04-01
755,women,320-480,322,402.5,2023-04-01
756,women,320-480,313,391.25,2023-04-01
757,women,320-480,287,358.75,2023-04-01
758,kids,180-240,184,230.0,2023-04-01
759,women,320-480,274,342.5,2023-04-01
760,women,320-480,346,432.5,2023-04-01
761,women,320-480,327,408.75,2023-04-01
762,women,320-480,265,331.25,2023-04-01
763,kids,180-240,190,237.5,2023-04-01
764,kids,180-240,140,175.0,2023-04-01
765,kids,180-240,178,222.5,2023-04-01
766,kids,240-320,238,297.5,2023-04-01
767,kids,240-320,237,296.25,2023-04-01
768,women,320-480,297,371.25,2023-04-01
769,women,320-480,275,343.75,2023-04-01
770,kids,240-320,203,253.75,2023-04-01
771,women,320-480,282,352.5,2023-04-01
772,kids,180-240,188,235.0,2023-04-01
773,kids,240-320,204,255.0,2023-04-01
774,women,320-480,269,336.25,2023-04-01
775,women,320-480,370,462.5,2023-04-01
776,kids,240-320,195,243.75,2023-04-01
777,kids,240-320,198,247.5,2023-04-01
778,kids,240-320,250,312.5,2023-04-01
779,women,320-480,333,416.25,2023-04-01
780,women,320-480,333,416.25,2023-04-01
781,women,320-480,350,437.5,2023-04-01
782,women,320-480,297,371.25,2023-04-01
783,kids,180-240,191,238.75,2023-04-01
784,kids,180-240,181,226.25,2023-04-01
785,kids,240-320,242,302.5,2023-04-01
786,women,320-480,366,457.5,2023-04-01
787,women,320-480,271,338.75,2023-04-01
788,women,320-480,368,460.0,2023-04-01
789,kids,180-240,171,213.75,2023-04-01
790,women,320-480,335,418.75,2023-04-01
791,women,320-480,327,408.75,2023-04-01
792,kids,180-240,190,237.5,2023-04-01
793,women,320-480,355,443.75,2023-04-01
794,women,320-480,288,360.0,2023-04-01
795,women,320-480,359,448.75,2023-04-01
796,kids,180-240,149,186.25,2023-04-01
797,kids,240-320,207,258.75,2023-04-01
798,kids,240-320,255,318.75,2023-04-01
799,women,320-480,304,380.0,2023-04-01
800,kids,180-240,170,212.5,2023-04-01
801,kids,180-240,158,197.5,2023-05-01
802,women,320-480,285,356.25,2023-05-01
803,kids,240-320,217,271.25,2023-05-01
804,kids,240-320,237,296.25,2023-05-01
805,kids,180-240,162,202.5,2023-05-01
806,women,320-480,319,398.75,2023-05-01
807,women,320-480,347,433.75,2023-05-01
808,women,320-480,370,462.5,2023-05-01
809,women,320-480,279,348.75,2023-05-01
810,women,320-480,268,335.0,2023-05-01
811,women,320-480,316,395.0,2023-05-01
812,women,320-480,361,451.25,2023-05-01
813,women,320-480,335,418.75,2023-05-01
814,kids,180-240,185,231.25,2023-05-01
815,kids,180-240,179,223.75,2023-05-01
816,women,320-480,317,396.25,2023-05-01
817,kids,180-240,147,183.75,2023-05-01
818,women,320-480,366,457.5,2023-05-01
819,women,320-480,269,336.25,2023-05-01
820,kids,240-320,218,272.5,2023-05-01
821,women,320-480,319,398.75,2023-05-01
822,kids,240-320,197,246.25,2023-05-01
823,kids,180-240,181,226.25,2023-05-01
824,women,320-480,324,405.0,2023-05-01
825,kids,180-240,147,183.75,2023-05-01
826,women,320-480,273,341.25,2023-05-01
827,women,320-480,351,438.75,2023-05-01
828,kids,240-320,204,255.0,2023-05-01
829,kids,180-240,145,181.25,2023-05-01
830,kids,240-320,230,287.5,2023-05-01
831,women,320-480,316,395.0,2023-05-01
832,kids,180-240,186,232.5,2023-05-01
833,women,320-480,377,471.25,2023-05-01
834,women,320-480,309,386.25,2023-05-01
835,women,320-480,359,448.75,2023-05-01
836,women,320-480,346,432.5,2023-05-01
837,kids,240-320,241,301.25,2023-05-01
838,women,320-480,268,335.0,2023-05-01
839,women,320-480,272,340.0,2023-05-01
840,women,320-480,296,370.0,2023-05-01
841,women,320-480,352,440.0,2023-05-01
842,kids,180-240,182,227.5,2023-05-01
843,kids,240-320,214,267.5,2023-05-01
844,kids,320-480,257,321.25,2023-05-01
845,women,320-480,299,373.75,2023-05-01
846,women,320-480,276,345.0,2023-05-01
847,kids,180-240,179,223.75,2023-05-01
848,women,320-480,342,427.5,2023-05-01
849,women,320-480,364,455.0,2023-05-01
850,kids,240-320,225,281.25,2023-05-01
851,kids,240-320,222,277.5,2023-06-01
852,women,320-480,325,406.25,2023-06-01
853,women,320-480,262,327.5,2023-06-01
854,women,320-480,299,373.75,2023-06-01
855,kids,180-240,167,208.75,2023-06-01
856,women,320-480,358,447.5,2023-06-01
857,women,320-480,284,355.0,2023-06-01
858,kids,180-240,157,196.25,2023-06-01
859,kids,180-240,149,186.25,2023-06-01
860,women,320-480,368,460.0,2023-06-01
861,kids,240-320,204,255.0,2023-06-01
862,kids,240-320,224,280.0,2023-06-01
863,women,320-480,372,465.0,2023-06-01
864,kids,240-320,216,270.0,2023-06-01
865,women,320-480,279,348.75,2023-06-01
866,kids,180-240,163,203.75,2023-06-01
867,kids,240-320,232,290.0,2023-06-01
868,women,320-480,265,331.25,2023-06-01
869,women,320-480,306,382.5,2023-06-01
870,kids,240-320,196,245.0,2023-06-01
871,women,320-480,356,445.0,2023-06-01
872,women,320-480,289,361.25,2023-06-01
873,kids,180-240,179,223.75,2023-06-01
874,women,320-480,375,468.75,2023-06-01
875,kids,180-240,187,233.75,2023-06-01
876,women,320-480,319,398.75,2023-06-01
877,women,320-480,359,448.75,2023-06-01
878,women,320-480,324,405.0,2023-06-01
879,women,320-480,280,350.0,2023-06-01
880,kids,240-320,242,302.5,2023-06-01
881,kids,240-320,251,313.75,2023-06-01
882,women,320-480,266,332.5,2023-06-01
883,women,320-480,371,463.75,2023-06-01
884,women,320-480,330,412.5,2023-06-01
885,kids,240-320,231,288.75,2023-06-01
886,kids,180-240,176,220.0,2023-06-01
887,kids,240-320,237,296.25,2023-06-01
888,kids,180-240,174,217.5,2023-06-01
889,women,320-480,375,468.75,2023-06-01
890,kids,240-320,246,307.5,2023-06-01
891,women,320-480,271,338.75,2023-06-01
892,kids,240-320,244,305.0,2023-06-01
893,women,320-480,373,466.25,2023-06-01
894,women,320-480,379,473.75,2023-06-01
895,kids,240-320,193,241.25,2023-06-01
896,kids,180-240,190,237.5,2023-06-01
897,women,320-480,290,362.5,2023-06-01
898,women,320-480,270,337.5,2023-06-01
899,women,320-480,288,360.0,2023-06-01
900,kids,180-240,180,225.0,2023-06-01
901,kids,240-320,247,308.75,2023-07-01
902,women,320-480,361,451.25,2023-07-01
903,kids,180-240,157,196.25,2023-07-01
904,kids,180-240,176,220.0,2023-07-01
905,women,320-480,349,436.25,2023-07-01
906,kids,240-320,237,296.25,2023-07-01
907,women,320-480,317,396.25,2023-07-01
908,kids,240-320,255,318.75,2023-07-01
909,kids,180-240,142,177.5,2023-07-01
910,women,320-480,287,358.75,2023-07-01
911,kids,240-320,210,262.5,2023-07-01
912,women,320-480,274,342.5,2023-07-01
913,women,320-480,290,362.5,2023-07-01
914,women,320-480,275,343.75,2023-07-01
915,kids,180-240,170,212.5,2023-07-01
916,women,320-480,341,426.25,2023-07-01
917,women,320-480,268,335.0,2023-07-01
918,kids,240-320,247,308.75,2023-07-01
919,women,320-480,336,420.0,2023-07-01
920,kids,240-320,220,275.0,2023-07-01
921,kids,240-320,231,288.75,2023-07-01
922,kids,180-240,177,221.25,2023-07-01
923,women,320-480,260,325.0,2023-07-01
924,women,320-480,290,362.5,2023-07-01
925,women,320-480,283,353.75,2023-07-01
926,kids,240-320,207,258.75,2023-07-01
927,women,320-480,268,335.0,2023-07-01
928,kids,180-240,189,236.25,2023-07-01
929,women,320-480,265,331.25,2023-07-01
930,women,320-480,307,383.75,2023-07-01
931,women,320-480,355,443.75,2023-07-01
932,kids,180-240,185,231.25,2023-07-01
933,kids,180-240,184,230.0,2023-07-01
934,kids,240-320,233,291.25,2023-07-01
935,kids,240-320,238,297.5,2023-07-01
936,women,320-480,277,346.25,2023-07-01
937,kids,180-240,185,231.25,2023-07-01
938,women,320-480,364,455.0,2023-07-01
939,kids,240-320,246,307.5,2023-07-01
940,women,320-480,349,436.25,2023-07-01
941,women,320-480,340,425.0,2023-07-01
942,kids,240-320,243,303.75,2023-07-01
943,kids,180-240,148,185.0,2023-07-01
944,women,320-480,264,330.0,2023-07-01
945,women,320-480,285,356.25,2023-07-01
946,kids,240-320,241,301.25,2023-07-01
947,kids,240-320,253,316.25,2023-07-01
948,kids,180-240,180,225.0,2023-07-01
949,women,320-480,325,406.25,2023-07-01
950,women,320-480,364,455.0,2023-07-01
951,women,320-480,292,365.0,2023-08-01
952,kids,240-320,236,295.0,2023-08-01
953,kids,180-240,176,220.0,2023-08-01
954,women,320-480,370,462.5,2023-08-01
955,kids,240-320,250,312.5,2023-08-01
956,women,320-480,294,367.5,2023-08-01
957,kids,240-320,242,302.5,2023-08-01
958,women,320-480,315,393.75,2023-08-01
959,women,320-480,355,443.75,2023-08-01
960,women,320-480,374,467.5,2023-08-01
961,women,320-480,303,378.75,2023-08-01
962,kids,240-320,203,253.75,2023-08-01
963,women,320-480,307,383.75,2023-08-01
964,women,320-480,362,452.5,2023-08-01
965,kids,240-320,233,291.25,2023-08-01
966,women,320-480,270,337.5,2023-08-01
967,women,320-480,337,421.25,2023-08-01
968,kids,240-320,209,261.25,2023-08-01
969,women,320-480,301,376.25,2023-08-01
970,kids,180-240,150,187.5,2023-08-01
971,women,320-480,344,430.0,2023-08-01
972,women,320-480,299,373.75,2023-08-01
973,women,320-480,337,421.25,2023-08-01
974,women,320-480,281,351.25,2023-08-01
975,women,320-480,304,380.0,2023-08-01
976,women,320-480,265,331.25,2023-08-01
977,women,320-480,338,422.5,2023-08-01
978,women,320-480,295,368.75,2023-08-01
979,kids,180-240,149,186.25,2023-08-01
980,women,320-480,306,382.5,2023-08-01
981,kids,180-240,143,178.75,2023-08-01
982,kids,240-320,248,310.0,2023-08-01
983,women,320-480,264,330.0,2023-08-01
984,kids,180-240,148,185.0,2023-08-01
985,kids,240-320,239,298.75,2023-08-01
986,women,320-480,306,382.5,2023-08-01
987,women,320-480,332,415.0,2023-08-01
988,kids,240-320,217,271.25,2023-08-01
989,kids,240-320,226,282.5,2023-08-01
990,women,320-480,307,383.75,2023-08-01
991,women,320-480,316,395.0,2023-08-01
992,kids,240-320,213,266.25,2023-08-01
993,kids,240-320,207,258.75,2023-08-01
994,women,320-480,310,387.5,2023-08-01
995,women,320-480,343,428.75,2023-08-01
996,women,320-480,291,363.75,2023-08-01
997,kids,180-240,143,178.75,2023-08-01
998,kids,240-320,203,253.75,2023-08-01
999,women,320-480,376,470.0,2023-08-01
1000,kids,180-240,173,216.25,2023-08-01
1001,women,320-480,350,437.5,2023-09-01
1002,women,320-480,287,358.75,2023-09-01
1003,women,320-480,348,435.0,2023-09-01
1004,women,320-480,285,356.25,2023-09-01
1005,kids,180-240,157,196.25,2023-09-01
1006,kids,240-320,197,246.25,2023-09-01
1007,kids,240-320,255,318.75,2023-09-01
1008,women,320-480,271,338.75,2023-09-01
1009,women,320-480,345,431.25,2023-09-01
1010,women,320-480,350,437.5,2023-09-01
1011,kids,240-320,210,262.5,2023-09-01
1012,women,320-480,374,467.5,2023-09-01
1013,women,320-480,368,460.0,2023-09-01
1014,kids,240-320,231,288.75,2023-09-01
1015,kids,240-320,241,301.25,2023-09-01
1016,women,320-480,325,406.25,2023-09-01
1017,kids,180-240,155,193.75,2023-09-01
1018,kids,240-320,241,301.25,2023-09-01
1019,kids,180-240,170,212.5,2023-09-01
1020,women,320-480,263,328.75,2023-09-01
1021,women,320-480,330,412.5,2023-09-01
1022,women,320-480,319,398.75,2023-09-01
1023,kids,240-320,218,272.5,2023-09-01
1024,kids,180-240,148,185.0,2023-09-01
1025,women,320-480,310,387.5,2023-09-01
1026,women,320-480,327,408.75,2023-09-01
1027,women,320-480,358,447.5,2023-09-01
1028,women,320-480,365,456.25,2023-09-01
1029,kids,180-240,156,195.0,2023-09-01
1030,women,320-480,342,427.5,2023-09-01
1031,kids,240-320,197,246.25,2023-09-01
1032,women,320-480,347,433.75,2023-09-01
1033,women,320-480,276,345.0,2023-09-01
1034,kids,240-320,238,297.5,2023-09-01
1035,kids,240-320,195,243.75,2023-09-01
1036,kids,240-320,246,307.5,2023-09-01
1037,kids,240-320,206,257.5,2023-09-01
1038,kids,180-240,178,222.5,2023-09-01
1039,kids,180-240,160,200.0,2023-09-01
1040,women,320-480,379,473.75,2023-09-01
1041,kids,180-240,184,230.0,2023-09-01
1042,women,320-480,368,460.0,2023-09-01
1043,kids,180-240,172,215.0,2023-09-01
1044,kids,240-320,221,276.25,2023-09-01
1045,women,320-480,276,345.0,2023-09-01
1046,women,320-480,338,422.5,2023-09-01
1047,kids,240-320,204,255.0,2023-09-01
1048,kids,240-320,215,268.75,2023-09-01
1049,kids,180-240,161,201.25,2023-09-01
1050,women,320-480,367,458.75,2023-09-01
1051,kids,240-320,245,306.25,2023-10-01
1052,kids,180-240,150,187.5,2023-10-01
1053,kids,240-320,222,277.5,2023-10-01
1054,women,320-480,343,428.75,2023-10-01
1055,kids,240-320,238,297.5,2023-10-01
1056,women,320-480,339,423.75,2023-10-01
1057,kids,240-320,203,253.75,2023-10-01
1058,women,320-480,342,427.5,2023-10-01
1059,women,320-480,321,401.25,2023-10-01
1060,kids,240-320,243,303.75,2023-10-01
1061,women,320-480,298,372.5,2023-10-01
1062,women,320-480,269,336.25,2023-10-01
1063,kids,180-240,160,200.0,2023-10-01
1064,women,320-480,313,391.25,2023-10-01
1065,women,320-480,319,398.75,2023-10-01
1066,kids,180-240,183,228.75,2023-10-01
1067,kids,180-240,180,225.0,2023-10-01
1068,women,320-480,353,441.25,2023-10-01
1069,women,320-480,311,388.75,2023-10-01
1070,kids,240-320,237,296.25,2023-10-01
1071,women,320-480,325,406.25,2023-10-01
1072,kids,180-240,180,225.0,2023-10-01
1073,kids,240-320,199,248.75,2023-10-01
1074,kids,180-240,174,217.5,2023-10-01
1075,women,320-480,291,363.75,2023-10-01
1076,kids,180-240,152,190.0,2023-10-01
1077,kids,180-240,177,221.25,2023-10-01
1078,women,320-480,370,462.5,2023-10-01
1079,women,320-480,291,363.75,2023-10-01
1080,kids,240-320,244,305.0,2023-10-01
1081,women,320-480,379,473.75,2023-10-01
1082,women,320-480,284,355.0,2023-10-01
1083,kids,240-320,203,253.75,2023-10-01
1084,women,320-480,323,403.75,2023-10-01
1085,women,320-480,323,403.75,2023-10-01
1086,kids,180-240,151,188.75,2023-10-01
1087,women,320-480,324,405.0,2023-10-01
1088,women,320-480,290,362.5,2023-10-01
1089,kids,240-320,214,267.5,2023-10-01
1090,women,320-480,266,332.5,2023-10-01
1091,kids,180-240,176,220.0,2023-10-01
1092,women,320-480,336,420.0,2023-10-01
1093,women,320-480,296,370.0,2023-10-01
1094,kids,240-320,248,310.0,2023-10-01
1095,kids,240-320,195,243.75,2023-10-01
1096,kids,240-320,252,315.0,2023-10-01
1097,women,320-480,353,441.25,2023-10-01
1098,women,320-480,357,446.25,2023-10-01
1099,women,320-480,306,382.5,2023-10-01
1100,kids,180-240,191,238.75,2023-10-01
1101,kids,240-320,212,265.0,2023-11-01
1102,kids,180-240,186,232.5,2023-11-01
1103,women,320-480,269,336.25,2023-11-01
1104,women,320-480,324,405.0,2023-11-01
1105,women,320-480,357,446.25,2023-11-01
1106,women,320-480,365,456.25,2023-11-01
1107,kids,180-240,156,195.0,2023-11-01
1108,kids,180-240,190,237.5,2023-11-01
1109,women,320-480,361,451.25,2023-11-01
1110,women,320-480,331,413.75,2023-11-01
1111,women,320-480,356,445.0,2023-11-01
1112,kids,180-240,165,206.25,2023-11-01
1113,women,320-480,324,405.0,2023-11-01
1114,kids,180-240,145,181.25,2023-11-01
1115,kids,180-240,157,196.25,2023-11-01
1116,women,320-480,362,452.5,2023-11-01
1117,women,320-480,326,407.5,2023-11-01
1118,women,320-480,279,348.75,2023-11-01
1119,kids,180-240,181,226.25,2023-11-01
1120,women,320-480,280,350.0,2023-11-01
1121,women,320-480,338,422.5,2023-11-01
1122,women,320-480,335,418.75,2023-11-01
1123,women,320-480,324,405.0,2023-11-01
1124,women,320-480,350,437.5,2023-11-01
1125,women,320-480,320,400.0,2023-11-01
1126,kids,180-240,187,233.75,2023-11-01
1127,women,320-480,346,432.5,2023-11-01
1128,kids,240-320,193,241.25,2023-11-01
1129,women,320-480,361,451.25,2023-11-01
1130,kids,240-320,216,270.0,2023-11-01
1131,women,320-480,293,366.25,2023-11-01
1132,kids,240-320,232,290.0,2023-11-01
1133,kids,240-320,214,267.5,2023-11-01
1134,women,320-480,281,351.25,2023-11-01
1135,women,320-480,278,347.5,2023-11-01
1136,kids,180-240,144,180.0,2023-11-01
1137,kids,180-240,164,205.0,2023-11-01
1138,kids,240-320,196,245.0,2023-11-01
1139,women,320-480,313,391.25,2023-11-01
1140,kids,180-240,192,240.0,2023-11-01
1141,kids,180-240,192,240.0,2023-11-01
1142,women,320-480,371,463.75,2023-11-01
1143,kids,240-320,230,287.5,2023-11-01
1144,kids,240-320,206,257.5,2023-11-01
1145,kids,240-320,211,263.75,2023-11-01
1146,women,320-480,344,430.0,2023-11-01
1147,women,320-480,327,408.75,2023-11-01
1148,women,320-480,300,375.0,2023-11-01
1149,kids,240-320,198,247.5,2023-11-01
1150,women,320-480,329,411.25,2023-11-01
1151,women,320-480,346,432.5,2023-12-01
1152,women,320-480,338,422.5,2023-12-01
1153,women,320-480,284,355.0,2023-12-01
1154,kids,180-240,175,218.75,2023-12-01
1155,women,320-480,288,360.0,2023-12-01
1156,women,320-480,358,447.5,2023-12-01
1157,women,320-480,350,437.5,2023-12-01
1158,kids,240-320,228,285.0,2023-12-01
1159,women,320-480,300,375.0,2023-12-01
1160,women,320-480,304,380.0,2023-12-01
1161,women,320-480,296,370.0,2023-12-01
1162,kids,240-320,213,266.25,2023-12-01
1163,women,320-480,374,467.5,2023-12-01
1164,women,320-480,364,455.0,2023-12-01
1165,women,320-480,358,447.5,2023-12-01
1166,kids,180-240,177,221.25,2023-12-01
1167,kids,180-240,176,220.0,2023-12-01
1168,kids,180-240,184,230.0,2023-12-01
1169,women,320-480,343,428.75,2023-12-01
1170,women,320-480,355,443.75,2023-12-01
1171,women,320-480,287,358.75,2023-12-01
1172,kids,240-320,245,306.25,2023-12-01
1173,women,320-480,379,473.75,2023-12-01
1174,women,320-480,277,346.25,2023-12-01
1175,kids,240-320,218,272.5,2023-12-01
1176,kids,180-240,171,213.75,2023-12-01
1177,kids,240-320,225,281.25,2023-12-01
1178,kids,240-320,221,276.25,2023-12-01
1179,kids,180-240,146,182.5,2023-12-01
1180,kids,180-240,192,240.0,2023-12-01
1181,women,320-480,351,438.75,2023-12-01
1182,women,320-480,272,340.0,2023-12-01
1183,kids,180-240,140,175.0,2023-12-01
1184,kids,180-240,192,240.0,2023-12-01
1185,women,320-480,321,401.25,2023-12-01
1186,kids,240-320,236,295.0,2023-12-01
1187,women,320-480,301,376.25,2023-12-01
1188,women,320-480,342,427.5,2023-12-01
1189,kids,240-320,256,320.0,2023-12-01
1190,kids,240-320,223,278.75,2023-12-01
1191,kids,240-320,208,260.0,2023-12-01
1192,kids,240-320,256,320.0,2023-12-01
1193,kids,240-320,193,241.25,2023-12-01
1194,kids,320-480,259,323.75,2023-12-01
1195,kids,240-320,247,308.75,2023-12-01
1196,women,320-480,360,450.0,2023-12-01
1197,women,320-480,283,353.75,2023-12-01
1198,women,320-480,372,465.0,2023-12-01
1199,kids,180-240,141,176.25,2023-12-01
1200,women,320-480,332,415.0,2023-12-01
1201,kids,320-480,258,322.5,2024-01-01
1202,women,320-480,296,370.0,2024-01-01
1203,women,320-480,342,427.5,2024-01-01
1204,women,320-480,373,466.25,2024-01-01
1205,kids,240-320,248,310.0,2024-01-01
1206,women,320-480,294,367.5,2024-01-01
1207,kids,240-320,243,303.75,2024-01-01
1208,kids,180-240,182,227.5,2024-01-01
1209,kids,240-320,233,291.25,2024-01-01
1210,women,320-480,342,427.5,2024-01-01
1211,women,320-480,351,438.75,2024-01-01
1212,kids,180-240,141,176.25,2024-01-01
1213,women,320-480,361,451.25,2024-01-01
1214,women,320-480,332,415.0,2024-01-01
1215,kids,180-240,162,202.5,2024-01-01
1216,women,320-480,365,456.25,2024-01-01
1217,women,320-480,325,406.25,2024-01-01
1218,women,320-480,271,338.75,2024-01-01
1219,women,320-480,345,431.25,2024-01-01
1220,kids,180-240,163,203.75,2024-01-01
1221,kids,240-320,201,251.25,2024-01-01
1222,women,320-480,379,473.75,2024-01-01
1223,kids,180-240,140,175.0,2024-01-01
1224,women,320-480,309,386.25,2024-01-01
1225,kids,240-320,197,246.25,2024-01-01
1226,women,320-480,302,377.5,2024-01-01
1227,women,320-480,334,417.5,2024-01-01
1228,kids,180-240,173,216.25,2024-01-01
1229,women,320-480,348,435.0,2024-01-01
1230,kids,180-240,147,183.75,2024-01-01
1231,kids,240-320,199,248.75,2024-01-01
1232,women,320-480,280,350.0,2024-01-01
1233,women,320-480,347,433.75,2024-01-01
1234,women,320-480,348,435.0,2024-01-01
1235,kids,240-320,221,276.25,2024-01-01
1236,women,320-480,307,383.75,2024-01-01
1237,kids,180-240,168,210.0,2024-01-01
1238,kids,240-320,201,251.25,2024-01-01
1239,kids,240-320,198,247.5,2024-01-01
1240,women,320-480,313,391.25,2024-01-01
1241,women,320-480,356,445.0,2024-01-01
1242,kids,240-320,237,296.25,2024-01-01
1243,kids,240-320,227,283.75,2024-01-01
1244,kids,240-320,207,258.75,2024-01-01
1245,women,320-480,327,408.75,2024-01-01
1246,women,320-480,269,336.25,2024-01-01
1247,kids,180-240,147,183.75,2024-01-01
1248,kids,240-320,213,266.25,2024-01-01
1249,kids,180-240,161,201.25,2024-01-01
1250,women,320-480,369,461.25,2024-01-01
1251,women,320-480,274,342.5,2024-02-01
1252,kids,240-320,231,288.75,2024-02-01
1253,women,320-480,271,338.75,2024-02-01
1254,women,320-480,363,453.75,2024-02-01
1255,kids,240-320,198,247.5,2024-02-01
1256,kids,240-320,205,256.25,2024-02-01
1257,women,320-480,318,397.5,2024-02-01
1258,kids,240-320,211,263.75,2024-02-01
1259,women,320-480,346,432.5,2024-02-01
1260,women,320-480,352,440.0,2024-02-01
1261,kids,180-240,190,237.5,2024-02-01
1262,women,320-480,364,455.0,2024-02-01
1263,kids,240-320,235,293.75,2024-02-01
1264,kids,240-320,214,267.5,2024-02-01
1265,kids,180-240,145,181.25,2024-02-01
1266,women,320-480,304,380.0,2024-02-01
1267,kids,240-320,209,261.25,2024-02-01
1268,kids,320-480,259,323.75,2024-02-01
1269,kids,320-480,259,323.75,2024-02-01
1270,women,320-480,264,330.0,2024-02-01
1271,women,320-480,312,390.0,2024-02-01
1272,kids,240-320,238,297.5,2024-02-01
1273,kids,240-320,238,297.5,2024-02-01
1274,women,320-480,307,383.75,2024-02-01
1275,women,320-480,317,396.25,2024-02-01
1276,women,320-480,308,385.0,2024-02-01
1277,kids,240-320,227,283.75,2024-02-01
1278,kids,240-320,223,278.75,2024-02-01
1279,women,320-480,275,343.75,2024-02-01
1280,kids,240-320,208,260.0,2024-02-01
1281,women,320-480,327,408.75,2024-02-01
1282,kids,240-320,233,291.25,2024-02-01
1283,kids,240-320,246,307.5,2024-02-01
1284,kids,240-320,236,295.0,2024-02-01
1285,kids,180-240,178,222.5,2024-02-01
1286,women,320-480,346,432.5,2024-02-01
1287,women,320-480,328,410.0,2024-02-01
1288,women,320-480,365,456.25,2024-02-01
1289,kids,180-240,171,213.75,2024-02-01
1290,women,320-480,304,380.0,2024-02-01
1291,kids,180-240,175,218.75,2024-02-01
1292,kids,320-480,259,323.75,2024-02-01
1293,kids,180-240,144,180.0,2024-02-01
1294,women,320-480,338,422.5,2024-02-01
1295,kids,180-240,170,212.5,2024-02-01
1296,kids,180-240,148,185.0,2024-02-01
1297,kids,240-320,216,270.0,2024-02-01
1298,kids,240-320,197,246.25,2024-02-01
1299,kids,180-240,171,213.75,2024-02-01
1300,kids,180-240,191,238.75,2024-02-01
1301,women,320-480,289,361.25,2024-03-01
1302,kids,240-320,236,295.0,2024-03-01
1303,kids,180-240,157,196.25,2024-03-01
1304,women,320-480,289,361.25,2024-03-01
1305,women,320-480,333,416.25,2024-03-01
1306,women,320-480,290,362.5,2024-03-01
1307,women,320-480,372,465.0,2024-03-01
1308,kids,240-320,224,280.0,2024-03-01
1309,kids,180-240,192,240.0,2024-03-01
1310,women,320-480,295,368.75,2024-03-01
1311,kids,240-320,211,263.75,2024-03-01
1312,kids,240-320,220,275.0,2024-03-01
1313,women,320-480,331,413.75,2024-03-01
1314,women,320-480,266,332.5,2024-03-01
1315,women,320-480,380,475.0,2024-03-01
1316,women,320-480,360,450.0,2024-03-01
1317,women,320-480,349,436.25,2024-03-01
1318,women,320-480,312,390.0,2024-03-01
1319,kids,180-240,178,222.5,2024-03-01
1320,women,320-480,283,353.75,2024-03-01
1321,women,320-480,290,362.5,2024-03-01
1322,kids,180-240,178,222.5,2024-03-01
1323,kids,240-320,243,303.75,2024-03-01
1324,women,320-480,377,471.25,2024-03-01
1325,kids,240-320,211,263.75,2024-03-01
1326,women,320-480,313,391.25,2024-03-01
1327,kids,180-240,189,236.25,2024-03-01
1328,kids,180-240,172,215.0,2024-03-01
1329,kids,180-240,182,227.5,2024-03-01
1330,kids,320-480,258,322.5,2024-03-01
1331,women,320-480,368,460.0,2024-03-01
1332,women,320-480,271,338.75,2024-03-01
1333,kids,180-240,146,182.5,2024-03-01
1334,women,320-480,308,385.0,2024-03-01
1335,kids,240-320,251,313.75,2024-03-01
1336,kids,180-240,164,205.0,2024-03-01
1337,kids,240-320,201,251.25,2024-03-01
1338,kids,240-320,251,313.75,2024-03-01
1339,women,320-480,298,372.5,2024-03-01
1340,kids,180-240,167,208.75,2024-03-01
1341,kids,240-320,234,292.5,2024-03-01
1342,kids,240-320,235,293.75,2024-03-01
1343,women,320-480,377,471.25,2024-03-01
1344,kids,240-320,229,286.25,2024-03-01
1345,kids,180-240,190,237.5,2024-03-01
1346,kids,240-320,210,262.5,2024-03-01
1347,women,320-480,359,448.75,2024-03-01
1348,women,320-480,308,385.0,2024-03-01
1349,women,320-480,328,410.0,2024-03-01
1350,women,320-480,299,373.75,2024-03-01
1351,women,320-480,306,382.5,2024-04-01
1352,women,320-480,319,398.75,2024-04-01
1353,kids,240-320,242,302.5,2024-04-01
1354,women,320-480,357,446.25,2024-04-01
1355,women,320-480,377,471.25,2024-04-01
1356,kids,180-240,187,233.75,2024-04-01
1357,women,320-480,312,390.0,2024-04-01
1358,kids,240-320,212,265.0,2024-04-01
1359,kids,240-320,234,292.5,2024-04-01
1360,kids,180-240,142,177.5,2024-04-01
1361,women,320-480,330,412.5,2024-04-01
1362,women,320-480,297,371.25,2024-04-01
1363,kids,180-240,165,206.25,2024-04-01
1364,women,320-480,289,361.25,2024-04-01
1365,women,320-480,332,415.0,2024-04-01
1366,kids,240-320,203,253.75,2024-04-01
1367,women,320-480,292,365.0,2024-04-01
1368,women,320-480,352,440.0,2024-04-01
1369,women,320-480,318,397.5,2024-04-01
1370,kids,240-320,233,291.25,2024-04-01
1371,women,320-480,281,351.25,2024-04-01
1372,kids,240-320,232,290.0,2024-04-01
1373,women,320-480,283,353.75,2024-04-01
1374,kids,240-320,207,258.75,2024-04-01
1375,kids,240-320,247,308.75,2024-04-01
1376,kids,320-480,260,325.0,2024-04-01
1377,kids,240-320,237,296.25,2024-04-01
1378,kids,180-240,192,240.0,2024-04-01
1379,kids,240-320,247,308.75,2024-04-01
1380,kids,180-240,148,185.0,2024-04-01
1381,kids,180-240,141,176.25,2024-04-01
1382,kids,240-320,204,255.0,2024-04-01
1383,women,320-480,307,383.75,2024-04-01
1384,kids,240-320,219,273.75,2024-04-01
1385,women,320-480,344,430.0,2024-04-01
1386,women,320-480,262,327.5,2024-04-01
1387,kids,240-320,208,260.0,2024-04-01
1388,women,320-480,261,326.25,2024-04-01
1389,kids,240-320,207,258.75,2024-04-01
1390,women,320-480,328,410.0,2024-04-01
1391,women,320-480,262,327.5,2024-04-01
1392,women,320-480,363,453.75,2024-04-01
1393,kids,180-240,153,191.25,2024-04-01
1394,kids,240-320,207,258.75,2024-04-01
1395,kids,180-240,170,212.5,2024-04-01
1396,kids,240-320,219,273.75,2024-04-01
1397,women,320-480,364,455.0,2024-04-01
1398,women,320-480,294,367.5,2024-04-01
1399,women,320-480,270,337.5,2024-04-01
1400,women,320-480,311,388.75,2024-04-01
1401,women,320-480,332,415.0,2024-05-01
1402,kids,240-320,229,286.25,2024-05-01
1403,kids,180-240,178,222.5,2024-05-01
1404,kids,240-320,223,278.75,2024-05-01
1405,kids,180-240,151,188.75,2024-05-01
1406,women,320-480,308,385.0,2024-05-01
1407,women,320-480,330,412.5,2024-05-01
1408,women,320-480,267,333.75,2024-05-01
1409,kids,240-320,229,286.25,2024-05-01
1410,kids,180-240,150,187.5,2024-05-01
1411,women,320-480,368,460.0,2024-05-01
1412,women,320-480,342,427.5,2024-05-01
1413,women,320-480,332,415.0,2024-05-01
1414,kids,240-320,254,317.5,2024-05-01
1415,kids,180-240,169,211.25,2024-05-01
1416,kids,240-320,255,318.75,2024-05-01
1417,women,320-480,294,367.5,2024-05-01
1418,kids,320-480,258,322.5,2024-05-01
1419,kids,240-320,227,283.75,2024-05-01
1420,women,320-480,375,468.75,2024-05-01
1421,kids,180-240,162,202.5,2024-05-01
1422,women,320-480,262,327.5,2024-05-01
1423,kids,240-320,215,268.75,2024-05-01
1424,kids,240-320,236,295.0,2024-05-01
1425,women,320-480,378,472.5,2024-05-01
1426,kids,180-240,178,222.5,2024-05-01
1427,kids,240-320,212,265.0,2024-05-01
1428,kids,240-320,212,265.0,2024-05-01
1429,women,320-480,346,432.5,2024-05-01
1430,women,320-480,309,386.25,2024-05-01
1431,kids,240-320,241,301.25,2024-05-01
1432,kids,240-320,204,255.0,2024-05-01
1433,women,320-480,266,332.5,2024-05-01
1434,kids,240-320,195,243.75,2024-05-01
1435,kids,240-320,247,308.75,2024-05-01
1436,kids,180-240,183,228.75,2024-05-01
1437,women,320-480,359,448.75,2024-05-01
1438,women,320-480,263,328.75,2024-05-01
1439,women,320-480,360,450.0,2024-05-01
1440,women,320-480,322,402.5,2024-05-01
1441,kids,180-240,185,231.25,2024-05-01
1442,women,320-480,315,393.75,2024-05-01
1443,kids,240-320,227,283.75,2024-05-01
1444,women,320-480,270,337.5,2024-05-01
1445,women,320-480,362,452.5,2024-05-01
1446,kids,240-320,231,288.75,2024-05-01
1447,kids,180-240,150,187.5,2024-05-01
1448,women,320-480,279,348.75,2024-05-01
1449,women,320-480,351,438.75,2024-05-01
1450,kids,240-320,234,292.5,2024-05-01
1451,women,320-480,300,375.0,2024-06-01
1452,women,320-480,273,341.25,2024-06-01
1453,kids,180-240,140,175.0,2024-06-01
1454,women,320-480,316,395.0,2024-06-01
1455,women,320-480,357,446.25,2024-06-01
1456,women,320-480,273,341.25,2024-06-01
1457,kids,180-240,151,188.75,2024-06-01
1458,kids,240-320,195,243.75,2024-06-01
1459,women,320-480,331,413.75,2024-06-01
1460,women,320-480,273,341.25,2024-06-01
1461,kids,180-240,151,188.75,2024-06-01
1462,women,320-480,330,412.5,2024-06-01
1463,kids,240-320,216,270.0,2024-06-01
1464,women,320-480,370,462.5,2024-06-01
1465,women,320-480,261,326.25,2024-06-01
1466,women,320-480,312,390.0,2024-06-01
1467,women,320-480,359,448.75,2024-06-01
1468,kids,240-320,232,290.0,2024-06-01
1469,kids,240-320,213,266.25,2024-06-01
1470,kids,240-320,227,283.75,2024-06-01
1471,women,320-480,281,351.25,2024-06-01
1472,kids,180-240,174,217.5,2024-06-01
1473,women,320-480,294,367.5,2024-06-01
1474,women,320-480,278,347.5,2024-06-01
1475,kids,180-240,161,201.25,2024-06-01
1476,women,320-480,295,368.75,2024-06-01
1477,women,320-480,298,372.5,2024-06-01
1478,women,320-480,360,450.0,2024-06-01
1479,kids,180-240,186,232.5,2024-06-01
1480,women,320-480,380,475.0,2024-06-01
1481,kids,240-320,232,290.0,2024-06-01
1482,women,320-480,336,420.0,2024-06-01
1483,kids,240-320,198,247.5,2024-06-01
1484,kids,180-240,157,196.25,2024-06-01
1485,women,320-480,260,325.0,2024-06-01
1486,women,320-480,302,377.5,2024-06-01
1487,women,320-480,362,452.5,2024-06-01
1488,women,320-480,316,395.0,2024-06-01
1489,women,320-480,315,393.75,2024-06-01
1490,kids,180-240,178,222.5,2024-06-01
1491,women,320-480,337,421.25,2024-06-01
1492,kids,240-320,201,251.25,2024-06-01
1493,women,320-480,282,352.5,2024-06-01
1494,women,320-480,300,375.0,2024-06-01
1495,women,320-480,354,442.5,2024-06-01
1496,women,320-480,333,416.25,2024-06-01
1497,kids,180-240,181,226.25,2024-06-01
1498,women,320-480,295,368.75,2024-06-01
1499,women,320-480,306,382.5,2024-06-01
1500,kids,320-480,259,323.75,2024-06-01
1501,kids,240-320,215,268.75,2024-07-01
1502,kids,240-320,227,283.75,2024-07-01
1503,kids,240-320,233,291.25,2024-07-01
1504,women,320-480,380,475.0,2024-07-01
1505,kids,240-320,196,245.0,2024-07-01
1506,women,320-480,366,457.5,2024-07-01
1507,kids,240-320,244,305.0,2024-07-01
1508,women,320-480,346,432.5,2024-07-01
1509,women,320-480,277,346.25,2024-07-01
1510,women,320-480,290,362.5,2024-07-01
1511,women,320-480,344,430.0,2024-07-01
1512,kids,240-320,231,288.75,2024-07-01
1513,women,320-480,361,451.25,2024-07-01
1514,women,320-480,269,336.25,2024-07-01
1515,women,320-480,336,420.0,2024-07-01
1516,women,320-480,334,417.5,2024-07-01
1517,women,320-480,328,410.0,2024-07-01
1518,women,320-480,329,411.25,2024-07-01
1519,kids,240-320,241,301.25,2024-07-01
1520,women,320-480,349,436.25,2024-07-01
1521,kids,180-240,153,191.25,2024-07-01
1522,kids,240-320,224,280.0,2024-07-01
1523,women,320-480,281,351.25,2024-07-01
1524,kids,240-320,212,265.0,2024-07-01
1525,women,320-480,356,445.0,2024-07-01
1526,women,320-480,361,451.25,2024-07-01
1527,women,320-480,273,341.25,2024-07-01
1528,kids,180-240,152,190.0,2024-07-01
1529,women,320-480,288,360.0,2024-07-01
1530,kids,240-320,197,246.25,2024-07-01
1531,women,320-480,310,387.5,2024-07-01
1532,women,320-480,358,447.5,2024-07-01
1533,kids,180-240,184,230.0,2024-07-01
1534,kids,240-320,201,251.25,2024-07-01
1535,kids,180-240,177,221.25,2024-07-01
1536,women,320-480,377,471.25,2024-07-01
1537,kids,180-240,154,192.5,2024-07-01
1538,kids,180-240,184,230.0,2024-07-01
1539,women,320-480,303,378.75,2024-07-01
1540,women,320-480,360,450.0,2024-07-01
1541,kids,240-320,206,257.5,2024-07-01
1542,women,320-480,304,380.0,2024-07-01
1543,women,320-480,272,340.0,2024-07-01
1544,women,320-480,352,440.0,2024-07-01
1545,women,320-480,300,375.0,2024-07-01
1546,kids,180-240,178,222.5,2024-07-01
1547,kids,240-320,243,303.75,2024-07-01
1548,kids,180-240,142,177.5,2024-07-01
1549,women,320-480,342,427.5,2024-07-01
1550,kids,240-320,226,282.5,2024-07-01
1551,kids,320-480,259,323.75,2024-08-01
1552,kids,240-320,206,257.5,2024-08-01
1553,kids,240-320,210,262.5,2024-08-01
1554,kids,180-240,182,227.5,2024-08-01
1555,women,320-480,319,398.75,2024-08-01
1556,kids,240-320,242,302.5,2024-08-01
1557,women,320-480,340,425.0,2024-08-01
1558,kids,180-240,163,203.75,2024-08-01
1559,women,320-480,310,387.5,2024-08-01
1560,kids,240-320,234,292.5,2024-08-01
1561,kids,240-320,197,246.25,2024-08-01
1562,women,320-480,309,386.25,2024-08-01
1563,kids,240-320,230,287.5,2024-08-01
1564,kids,180-240,166,207.5,2024-08-01
1565,women,320-480,356,445.0,2024-08-01
1566,kids,240-320,213,266.25,2024-08-01
1567,kids,240-320,242,302.5,2024-08-01
1568,kids,180-240,186,232.5,2024-08-01
1569,women,320-480,285,356.25,2024-08-01
1570,women,320-480,274,342.5,2024-08-01
1571,women,320-480,345,431.25,2024-08-01
1572,women,320-480,327,408.75,2024-08-01
1573,women,320-480,336,420.0,2024-08-01
1574,women,320-480,338,422.5,2024-08-01
1575,women,320-480,335,418.75,2024-08-01
1576,kids,180-240,184,230.0,2024-08-01
1577,women,320-480,368,460.0,2024-08-01
1578,women,320-480,339,423.75,2024-08-01
1579,kids,240-320,244,305.0,2024-08-01
1580,women,320-480,377,471.25,2024-08-01
1581,kids,240-320,226,282.5,2024-08-01
1582,kids,180-240,180,225.0,2024-08-01
1583,kids,180-240,170,212.5,2024-08-01
1584,women,320-480,274,342.5,2024-08-01
1585,kids,180-240,187,233.75,2024-08-01
1586,kids,240-320,205,256.25,2024-08-01
1587,women,320-480,313,391.25,2024-08-01
1588,kids,240-320,213,266.25,2024-08-01
1589,women,320-480,314,392.5,2024-08-01
1590,kids,240-320,202,252.5,2024-08-01
1591,kids,240-320,211,263.75,2024-08-01
1592,kids,240-320,202,252.5,2024-08-01
1593,women,320-480,277,346.25,2024-08-01
1594,kids,180-240,180,225.0,2024-08-01
1595,women,320-480,339,423.75,2024-08-01
1596,kids,240-320,250,312.5,2024-08-01
1597,women,320-480,261,326.25,2024-08-01
1598,women,320-480,277,346.25,2024-08-01
1599,kids,240-320,244,305.0,2024-08-01
1600,women,320-480,331,413.75,2024-08-01
1601,women,320-480,312,390.0,2024-09-01
1602,women,320-480,313,391.25,2024-09-01
1603,women,320-480,322,402.5,2024-09-01
1604,kids,180-240,150,187.5,2024-09-01
1605,kids,240-320,241,301.25,2024-09-01
1606,kids,180-240,177,221.25,2024-09-01
1607,kids,180-240,175,218.75,2024-09-01
1608,kids,240-320,208,260.0,2024-09-01
1609,women,320-480,281,351.25,2024-09-01
1610,women,320-480,332,415.0,2024-09-01
1611,women,320-480,330,412.5,2024-09-01
1612,kids,240-320,213,266.25,2024-09-01
1613,kids,180-240,174,217.5,2024-09-01
1614,women,320-480,329,411.25,2024-09-01
1615,kids,240-320,237,296.25,2024-09-01
1616,women,320-480,329,411.25,2024-09-01
1617,kids,240-320,194,242.5,2024-09-01
1618,kids,240-320,234,292.5,2024-09-01
1619,kids,180-240,178,222.5,2024-09-01
1620,kids,240-320,197,246.25,2024-09-01
1621,women,320-480,304,380.0,2024-09-01
1622,kids,240-320,196,245.0,2024-09-01
1623,kids,240-320,239,298.75,2024-09-01
1624,kids,180-240,166,207.5,2024-09-01
1625,women,320-480,370,462.5,2024-09-01
1626,women,320-480,281,351.25,2024-09-01
1627,kids,240-320,240,300.0,2024-09-01
1628,kids,240-320,244,305.0,2024-09-01
1629,kids,240-320,243,303.75,2024-09-01
1630,kids,240-320,212,265.0,2024-09-01
1631,women,320-480,328,410.0,2024-09-01
1632,women,320-480,336,420.0,2024-09-01
1633,kids,180-240,181,226.25,2024-09-01
1634,women,320-480,297,371.25,2024-09-01
1635,women,320-480,369,461.25,2024-09-01
1636,kids,180-240,157,196.25,2024-09-01
1637,women,320-480,377,471.25,2024-09-01
1638,kids,180-240,175,218.75,2024-09-01
1639,kids,240-320,229,286.25,2024-09-01
1640,kids,180-240,171,213.75,2024-09-01
1641,kids,240-320,231,288.75,2024-09-01
1642,women,320-480,366,457.5,2024-09-01
1643,kids,240-320,237,296.25,2024-09-01
1644,women,320-480,322,402.5,2024-09-01
1645,kids,240-320,213,266.25,2024-09-01
1646,women,320-480,340,425.0,2024-09-01
1647,women,320-480,308,385.0,2024-09-01
1648,women,320-480,269,336.25,2024-09-01
1649,kids,180-240,191,238.75,2024-09-01
1650,women,320-480,348,435.0,2024-09-01
1651,women,320-480,318,397.5,2024-10-01
1652,women,320-480,301,376.25,2024-10-01
1653,kids,240-320,251,313.75,2024-10-01
1654,kids,240-320,233,291.25,2024-10-01
1655,women,320-480,341,426.25,2024-10-01
1656,women,320-480,368,460.0,2024-10-01
1657,kids,240-320,241,301.25,2024-10-01
1658,women,320-480,287,358.75,2024-10-01
1659,women,320-480,365,456.25,2024-10-01
1660,kids,240-320,203,253.75,2024-10-01
1661,women,320-480,301,376.25,2024-10-01
1662,women,320-480,303,378.75,2024-10-01
1663,kids,240-320,212,265.0,2024-10-01
1664,women,320-480,360,450.0,2024-10-01
1665,women,320-480,374,467.5,2024-10-01
1666,kids,180-240,145,181.25,2024-10-01
1667,kids,240-320,220,275.0,2024-10-01
1668,women,320-480,262,327.5,2024-10-01
1669,kids,320-480,258,322.5,2024-10-01
1670,kids,240-320,196,245.0,2024-10-01
1671,women,320-480,260,325.0,2024-10-01
1672,women,320-480,285,356.25,2024-10-01
1673,kids,240-320,252,315.0,2024-10-01
1674,women,320-480,280,350.0,2024-10-01
1675,women,320-480,271,338.75,2024-10-01
1676,women,320-480,292,365.0,2024-10-01
1677,kids,180-240,187,233.75,2024-10-01
1678,kids,180-240,146,182.5,2024-10-01
1679,women,320-480,340,425.0,2024-10-01
1680,women,320-480,352,440.0,2024-10-01
1681,kids,240-320,194,242.5,2024-10-01
1682,kids,240-320,230,287.5,2024-10-01
1683,kids,180-240,140,175.0,2024-10-01
1684,kids,240-320,201,251.25,2024-10-01
1685,kids,180-240,156,195.0,2024-10-01
1686,kids,240-320,206,257.5,2024-10-01
1687,women,320-480,261,326.25,2024-10-01
1688,kids,240-320,229,286.25,2024-10-01
1689,women,320-480,364,455.0,2024-10-01
1690,kids,240-320,250,312.5,2024-10-01
1691,women,320-480,348,435.0,2024-10-01
1692,kids,240-320,201,251.25,2024-10-01
1693,kids,180-240,169,211.25,2024-10-01
1694,women,320-480,271,338.75,2024-10-01
1695,kids,180-240,153,191.25,2024-10-01
1696,women,320-480,307,383.75,2024-10-01
1697,women,320-480,277,346.25,2024-10-01
1698,women,320-480,359,448.75,2024-10-01
1699,kids,240-320,222,277.5,2024-10-01
1700,kids,180-240,148,185.0,2024-10-01
1701,kids,240-320,218,272.5,2024-11-01
1702,kids,240-320,196,245.0,2024-11-01
1703,women,320-480,352,440.0,2024-11-01
1704,kids,240-320,220,275.0,2024-11-01
1705,kids,320-480,257,321.25,2024-11-01
1706,women,320-480,338,422.5,2024-11-01
1707,women,320-480,370,462.5,2024-11-01
1708,kids,180-240,151,188.75,2024-11-01
1709,kids,180-240,157,196.25,2024-11-01
1710,kids,240-320,215,268.75,2024-11-01
1711,women,320-480,304,380.0,2024-11-01
1712,women,320-480,300,375.0,2024-11-01
1713,kids,180-240,171,213.75,2024-11-01
1714,women,320-480,342,427.5,2024-11-01
1715,kids,180-240,171,213.75,2024-11-01
1716,women,320-480,359,448.75,2024-11-01
1717,kids,240-320,248,310.0,2024-11-01
1718,women,320-480,286,357.5,2024-11-01
1719,kids,240-320,235,293.75,2024-11-01
1720,women,320-480,297,371.25,2024-11-01
1721,kids,240-320,240,300.0,2024-11-01
1722,kids,240-320,203,253.75,2024-11-01
1723,women,320-480,274,342.5,2024-11-01
1724,kids,240-320,203,253.75,2024-11-01
1725,kids,240-320,207,258.75,2024-11-01
1726,kids,180-240,186,232.5,2024-11-01
1727,women,320-480,276,345.0,2024-11-01
1728,women,320-480,370,462.5,2024-11-01
1729,women,320-480,306,382.5,2024-11-01
1730,kids,240-320,237,296.25,2024-11-01
1731,women,320-480,358,447.5,2024-11-01
1732,kids,180-240,142,177.5,2024-11-01
1733,kids,180-240,141,176.25,2024-11-01
1734,women,320-480,287,358.75,2024-11-01
1735,kids,320-480,258,322.5,2024-11-01
1736,kids,240-320,241,301.25,2024-11-01
1737,women,320-480,324,405.0,2024-11-01
1738,women,320-480,340,425.0,2024-11-01
1739,women,320-480,314,392.5,2024-11-01
1740,women,320-480,270,337.5,2024-11-01
1741,kids,180-240,175,218.75,2024-11-01
1742,kids,180-240,179,223.75,2024-11-01
1743,kids,240-320,205,256.25,2024-11-01
1744,kids,240-320,243,303.75,2024-11-01
1745,kids,240-320,208,260.0,2024-11-01
1746,women,320-480,310,387.5,2024-11-01
1747,kids,180-240,179,223.75,2024-11-01
1748,women,320-480,353,441.25,2024-11-01
1749,kids,180-240,147,183.75,2024-11-01
1750,kids,180-240,151,188.75,2024-11-01
1751,women,320-480,274,342.5,2024-12-01
1752,women,320-480,338,422.5,2024-12-01
1753,kids,180-240,179,223.75,2024-12-01
1754,kids,180-240,155,193.75,2024-12-01
1755,kids,240-320,230,287.5,2024-12-01
1756,kids,240-320,229,286.25,2024-12-01
1757,kids,180-240,160,200.0,2024-12-01
1758,women,320-480,304,380.0,2024-12-01
1759,women,320-480,281,351.25,2024-12-01
1760,women,320-480,276,345.0,2024-12-01
1761,women,320-480,353,441.25,2024-12-01
1762,kids,240-320,238,297.5,2024-12-01
1763,kids,180-240,182,227.5,2024-12-01
1764,women,320-480,294,367.5,2024-12-01
1765,kids,180-240,173,216.25,2024-12-01
1766,kids,240-320,203,253.75,2024-12-01
1767,women,320-480,325,406.25,2024-12-01
1768,women,320-480,267,333.75,2024-12-01
1769,women,320-480,369,461.25,2024-12-01
1770,kids,180-240,187,233.75,2024-12-01
1771,kids,180-240,172,215.0,2024-12-01
1772,kids,240-320,254,317.5,2024-12-01
1773,kids,180-240,169,211.25,2024-12-01
1774,kids,180-240,145,181.25,2024-12-01
1775,kids,180-240,171,213.75,2024-12-01
1776,kids,240-320,200,250.0,2024-12-01
1777,women,320-480,309,386.25,2024-12-01
1778,kids,180-240,162,202.5,2024-12-01
1779,kids,240-320,210,262.5,2024-12-01
1780,women,320-480,288,360.0,2024-12-01
1781,women,320-480,291,363.75,2024-12-01
1782,women,320-480,377,471.25,2024-12-01
1783,women,320-480,294,367.5,2024-12-01
1784,kids,240-320,213,266.25,2024-12-01
1785,women,320-480,275,343.75,2024-12-01
1786,kids,180-240,162,202.5,2024-12-01
1787,kids,240-320,242,302.5,2024-12-01
1788,kids,180-240,191,238.75,2024-12-01
1789,kids,240-320,252,315.0,2024-12-01
1790,women,320-480,370,462.5,2024-12-01
1791,women,320-480,359,448.75,2024-12-01
1792,women,320-480,301,376.25,2024-12-01
1793,kids,240-320,210,262.5,2024-12-01
1794,women,320-480,261,326.25,2024-12-01
1795,women,320-480,285,356.25,2024-12-01
1796,women,320-480,332,415.0,2024-12-01
1797,women,320-480,354,442.5,2024-12-01
1798,kids,240-320,199,248.75,2024-12-01
1799,women,320-480,335,418.75,2024-12-01
1800,women,320-480,358,447.5,2024-12-01
